ticker,source,beta,returnannual,expectedreturncapm,volannual,sharpecapm,nobs
SPY,fintual,0.9999999999999998,0.18746960312170105,0.1882458376983028,0.16363441369025483,0.9059575816302234,498
IVV,fintual,0.9721468614475774,0.18762918431512318,0.18411672584107205,0.1593664137951834,0.9043105282289269,498
VOO,fintual,0.9647392905815009,0.1873604431120084,0.183018584292721,0.15822300045762172,0.9039051457694164,498
ESGU,fintual,0.9942477653701163,0.18217110874751058,0.18739309285695854,0.16316906285089489,0.9033151890542355,498
VTI,fintual,1.0038570975802794,0.18383662171338078,0.18881763636017546,0.16490794447199209,0.9024285448264173,498
ITOT,fintual,0.9937700591794882,0.18366486432559184,0.1873222749025552,0.1634840022549668,0.9011418418347378,498
ESGV,fintual,1.0407326327110604,0.19058477056860873,0.19428428095621128,0.17162582490234243,0.8989572580000781,498
DSI,fintual,1.0223586844502284,0.17618791336159906,0.19156041960445896,0.17047610915733763,0.8890419915941371,498
ACWI,fintual,0.8914227751523258,0.1598608580484221,0.1721497160458024,0.15005535019552532,0.8806731374363426,498
VT,fintual,0.881430459674096,0.15623807077688195,0.1706683968671865,0.14934987214132678,0.8749146885344341,498
VUG,fintual,1.2159327262581927,0.24557393794583193,0.2202569655889269,0.2077382827341111,0.8677118305615429,498
QQQ,fintual,1.2349868217413993,0.23747873316371107,0.22308165593541832,0.21223657215564795,0.8626301022292788,498
QQQM,fintual,1.2244561972191343,0.23778734749720018,0.22152053468162888,0.21059157351723662,0.8619553558099592,498
VGT,fintual,1.401746801022404,0.23142890127197752,0.24780312875848248,0.24764503412040162,0.8391168815339598,498
FTEC,fintual,1.4107932535138976,0.23475758210048864,0.24914422768628186,0.24942775579586773,0.8384962091285703,498
XLK,fintual,1.3895658014896144,0.22024299671972833,0.24599734627874145,0.24803345291105172,0.830522430990851,498
ETHO,fintual,1.0005453206823436,0.07254460525408928,0.18832667921967106,0.18735211242471933,0.791700063052509,498
XLI,fintual,0.874992385257355,0.1842552507303533,0.16971397913211272,0.16614109845561378,0.7807458861045575,498
VTV,fintual,0.6797195601076963,0.1337455430669706,0.14076559558808735,0.1307608569243645,0.7706097830666007,498
KOMP,fintual,1.1974605919200616,0.12067211371462516,0.21751854855989508,0.23128464525838624,0.7675327878406072,498
XSD,fintual,1.9805968295405392,0.14497709954849092,0.3336152361378399,0.38927976025573857,0.7542525096731164,498
SOXX,fintual,1.8694251395283936,0.23350012356567035,0.31713449582365333,0.36880539926709816,0.7514382825587257,498
SOXQ,fintual,1.9017367449589309,0.2682220174656483,0.32192455683808036,0.3760589902919033,0.7496817364191873,498
SMH,fintual,1.8245073787857422,0.3552259871928373,0.31047562475482704,0.3651602195886374,0.7407039711486781,498
CLOU,fintual,1.2617742918148664,0.16742736476591244,0.2270527868762777,0.25504595029191146,0.7334081825733262,498
IWM,fintual,1.0684993216239747,0.10830387680776228,0.19840057701421443,0.220003742633165,0.7199903743380043,498
XLF,fintual,0.8069468826361661,0.2483132988782629,0.1596265165944325,0.16771674665205205,0.713265186586356,498
ARKW,fintual,1.7325779858126185,0.4472432561235694,0.2968474748844298,0.3624676294561599,0.7086080356190684,498
ARKK,fintual,1.9343964037021224,0.24572575560736698,0.32676621530740546,0.40470306011232265,0.708584252433909,498
EFA,fintual,0.7219030767483634,0.12005654284403033,0.14701912634954334,0.15265592448974769,0.7010479724730939,498
BLK,sp500,1.0558648980712977,0.23865298400396348,0.19652757631081266,0.23246062794948574,0.6733509140516754,498
EPP,fintual,0.813636711922604,0.0846974342700063,0.16061825594105913,0.18107238414076687,0.6661328093371195,498
JNK,fintual,0.2689173813675944,0.08622221221764166,0.079865882472473,0.06007388672188896,0.6636141699476086,498
HYG,fintual,0.2645239994719547,0.08854417428494488,0.07921458189302534,0.05947118365845737,0.6593879502757913,498
AXP,sp500,1.2168445166162791,0.3501352449063276,0.22039213471436667,0.27393560631213676,0.6585202162760043,498
MCO,sp500,1.030395501895381,0.24736997762681961,0.19275184433904394,0.2330297409131481,0.6555036440433398,498
MSFT,sp500,1.0320178382895295,0.20962384354617514,0.19299234895682293,0.23570275961727002,0.6490901897171216,498
AMZN,sp500,1.3675327873678682,0.34515448972167084,0.24273104364324466,0.3136024541560295,0.646458728101592,498
GS,sp500,1.2418286972508383,0.34572987871249455,0.22409593550174262,0.28530512485357606,0.64525982698777,498
ETN,sp500,1.4117790441604885,0.35289945823847263,0.2492903670464809,0.3253227263333899,0.6433315292950074,498
KLAC,sp500,1.814367442802176,0.4015260537270196,0.3089724214507361,0.4194444440082277,0.6412587537944835,498
ESPO,fintual,0.969809154183623,0.3547224976753342,0.18377017046943372,0.22486363609331053,0.6393660307519626,498
LRCX,sp500,1.8901631006427975,0.28275206491561355,0.32020881224121295,0.4392752882009995,0.6378888586899012,498
AAPL,sp500,1.1567267673781652,0.12625582439361777,0.21147992861802598,0.26920447532376734,0.6369876593314066,498
TXN,sp500,1.3613436365572134,0.08128562269852463,0.241813527796678,0.3175376229413068,0.6355578464287394,498
EWJ,fintual,0.7891390779139804,0.13562931595145133,0.1569865836658243,0.18416633762034393,0.6352224037108798,498
FLJP,fintual,0.7605679579199722,0.13540526637730732,0.15275103404833382,0.17923194301877954,0.6290789027295207,498
EEM,fintual,0.7267271340644963,0.10725689207260308,0.14773427276747808,0.17202108771125155,0.6262852665384664,498
QCOM,sp500,1.6021958575954982,0.22457538583871742,0.2775188670659953,0.38057295542146213,0.6241086332657484,498
EMR,sp500,1.1386634239593418,0.18752517080034398,0.20880211314127037,0.27331283351394475,0.6176150273333502,498
AMD,sp500,2.07167052210531,0.14509154483440984,0.3471165319843821,0.5043091893384574,0.6089846040427132,498
ISRG,sp500,1.2489955238984007,0.32875088151656956,0.22515838772174904,0.30672523367115784,0.6036620642703905,498
MA,sp500,0.7593141207490851,0.2120383933746421,0.1525651579065984,0.1877247174275832,0.5996288578781406,498
SPGI,sp500,0.8414871489056941,0.2099589046827159,0.1647469673018811,0.20846036687329536,0.5984205495412168,498
EWY,fintual,0.9612830846920839,0.020647855423162432,0.18250621615538656,0.2384011050659854,0.5977582029913127,498
META,sp500,1.4432941468223348,0.5424290991377568,0.2539623498407343,0.3617473569112585,0.5914690066228242,498
FLKR,fintual,0.9264872966079759,0.02799923509548083,0.17734788540248536,0.23234666059556558,0.5911334600223073,498
C,sp500,1.1386542409461728,0.28855391152065135,0.20880075179779053,0.2869495223915666,0.5882593927702998,498
ROP,sp500,0.7291838169581021,0.1296303248374427,0.14809846578099975,0.18383822716630044,0.5880086391564995,498
NVDA,sp500,2.1748284370202007,0.8416476863443386,0.36240926349615027,0.549251319011392,0.5869977045780443,498
CAT,sp500,1.1439640173138925,0.26710900531773746,0.2095879040434138,0.290979560642898,0.5828172386703786,498
AVGO,sp500,2.0080238852656938,0.7416390787177591,0.33768118298941346,0.5161628902140373,0.5767194593667399,498
V,sp500,0.7151017695917442,0.22900207501386435,0.14601086087266685,0.18492309184189648,0.5732700000673947,498
GE,sp500,1.1617803000359808,0.5310308269862081,0.21222909380021956,0.3032266367443724,0.5679880093958004,498
INTU,sp500,1.130456438323441,0.24930486599325252,0.20758546168069833,0.2986770693310029,0.5610924938297659,498
FCX,sp500,1.5171940500396013,0.10888786970515033,0.26491770289900146,0.40122242902944194,0.5605810807812464,498
ITW,sp500,0.7288917307711442,0.07107386422108992,0.14805516521953407,0.1929044674122428,0.5601485889314157,498
GOOGL,sp500,1.1120437570070552,0.25854919504967605,0.2048558583146788,0.29515282347967914,0.5585440666673104,498
JPM,sp500,0.8794038538675643,0.3614947391344687,0.17036796099171295,0.23406501310684824,0.5569732924253883,498
BKNG,sp500,1.0505847039509337,0.3884297976744562,0.19574480951022966,0.28034246595450885,0.5555519709793176,498
ORCL,sp500,1.4055181873215192,0.30871997309606847,0.24836222107967873,0.3781068409487487,0.5510670490828851,498
XLV,fintual,0.4747299610660542,0.043981351341093516,0.1103767407587199,0.1277377522145815,0.5509470735049168,498
CNRG,fintual,1.185132226524037,-0.16668506380076575,0.21569091970431065,0.3194772854635094,0.5499324293099955,498
VNQ,fintual,0.6747569113966732,0.10089099857597962,0.1400299035727193,0.1841688024574159,0.543142498827121,498
TSLA,sp500,2.2644789865788484,0.45236949562190426,0.3756995843155852,0.6258228235152049,0.5364131375554236,498
BAC,sp500,0.9529265292511742,0.26264115845143216,0.18126739159377658,0.2641367958538754,0.5348266270025018,498
HON,sp500,0.7431869029775475,0.08552870264767008,0.15017436499831383,0.2070374929918757,0.5321469237585732,498
SHW,sp500,0.7990448231380913,0.25816641886733654,0.15845506916459856,0.22401629889457886,0.528778797565721,498
PNC,sp500,0.935027356328501,0.25318639635750384,0.17861391370974813,0.2688503749463619,0.5155801390918755,498
USB,sp500,1.0647345917058513,0.26510657745221317,0.19784247147379436,0.3075950117534131,0.5131502964694711,498
CRM,sp500,1.1528261414925245,0.22717764704506124,0.21090167706606147,0.3341950471464842,0.5113830337262657,498
BR,sp500,0.6837480744387004,0.2505299908088371,0.14136280606976667,0.1986766937878623,0.5101897164545991,498
LIN,sp500,0.6060844860249078,0.13911310621303807,0.12984950234670778,0.17711198998208844,0.5073033302589756,498
EMB,fintual,0.2851849575130621,0.08177143402397677,0.08227748292547879,0.08382953597706845,0.5043268155157603,498
PLD,sp500,0.9218377482049885,-0.026874096106313264,0.1766586092045657,0.2749795898309617,0.496977282163283,498
HD,sp500,0.7045574321567104,0.16767915082581197,0.1444477067366367,0.2129742218747274,0.49042417348552825,498
COST,sp500,0.6631856037625581,0.3940031567583885,0.13831450537923515,0.2018199860731404,0.4871395905438501,498
SYK,sp500,0.6946338052812576,0.17036045823067358,0.1429765703574798,0.21486337267701577,0.47926535395250885,498
CSX,sp500,0.6892954154717097,-0.01550872418251165,0.1421851762882033,0.2164252874542269,0.4721498928807709,498
ADBE,sp500,1.1088105416747254,0.11395992710093303,0.2043765475992786,0.3508281086404828,0.46853870471287207,498
DHR,sp500,0.8121279433789544,0.005583987465089112,0.16039458728441294,0.2570256609834453,0.46841465876890553,498
LOW,sp500,0.7192323133831816,0.10076931792552277,0.14662319679717803,0.23110578377193383,0.4613610055834815,498
ACN,sp500,0.7498971461310476,0.11828475157428607,0.15116913061576376,0.24288379537113214,0.45770501257975943,498
NFLX,sp500,1.070319931074843,0.6927067805796803,0.19867047478737984,0.347204644293704,0.4569941024554926,498
NSC,sp500,0.8018467518684321,0.09790093968687427,0.1588704434363989,0.2608493703448755,0.45570531099706046,498
ICE,sp500,0.5406699067183168,0.2722665652373729,0.12015206323972014,0.17611416400059046,0.45511423623741815,498
TJX,sp500,0.5315588375897146,0.28256292534280336,0.11880138516442335,0.17315818644534683,0.4550832206209036,498
ADP,sp500,0.575869187093002,0.21646183612180644,0.12537021004524276,0.18876642789868264,0.45225314159710567,498
DE,sp500,0.7992405157458958,0.16830727704934567,0.15848407977917392,0.26223589643832124,0.4518225055700632,498
BA,sp500,1.0628232285784338,0.030862118778163593,0.19755911984582472,0.3527109528417786,0.4467088945675685,498
FLIN,fintual,0.419515229995058,0.16261498454035495,0.10219138669781355,0.14122143597624037,0.4403820586293774,498
SCHW,sp500,0.8860400952965723,0.34241770600809773,0.17135175616152443,0.2995779337726166,0.4384560455017426,498
MMM,sp500,0.955537703147228,0.35095851133167416,0.18165448725537303,0.326319032507376,0.4340981467336605,498
OXY,sp500,0.814818484163965,-0.1335238495452927,0.1607934487569483,0.28160456678632634,0.4289470520149731,498
COP,sp500,0.7490462105629909,0.019731447382572688,0.1510429829596499,0.2775884491314814,0.40002739057435976,498
WMT,sp500,0.5503242044345518,0.3679865294714675,0.12158327269205219,0.207214611842772,0.3937138986798625,498
FTNT,sp500,1.0789106418759922,0.3247638911428613,0.19994401190652006,0.4090521756871875,0.3910112729209226,498
CVX,sp500,0.5962519625383672,-0.00330767050777863,0.12839187166575733,0.22887686604805943,0.3861983659248325,498
EL,sp500,1.2080618503713152,-0.4967780968985578,0.2190901409996574,0.46488809636385037,0.38523279559193163,498
EOG,sp500,0.6697782364765503,0.05564329661106005,0.13929183573855816,0.2667168872249271,0.3722742746874651,498
FIS,sp500,0.6465962015310341,0.23309507847876254,0.1358551955485088,0.25756842388877077,0.3721542963275003,498
CMCSA,sp500,0.6344702681070614,-0.019746557537050957,0.1340575763901981,0.25310903947100943,0.3716089183806936,498
APD,sp500,0.697226106449899,0.03411015767589237,0.14336086821579133,0.28024223271914295,0.36882687956379134,498
ZTS,sp500,0.6424557563920218,-0.03739699184163778,0.13524139179043204,0.2582662695522396,0.3687720891913357,498
REGN,sp500,0.5552115975115798,-0.07671347040606191,0.12230780837291708,0.2528628028069739,0.32550382048777576,498
FLCH,fintual,0.6263353637262455,0.12596750816072805,0.13285161067566847,0.2964634536769576,0.3131974937350778,498
LQD,fintual,0.17041384041744942,0.04354641352169814,0.06526314252806968,0.08215809479593982,0.3074942595835142,498
LLY,sp500,0.7022475235344541,0.3903356773378761,0.14410527239792378,0.3395921961241572,0.30655967241326765,498
MDT,sp500,0.4134875091004594,0.02284678610478351,0.10129780216438222,0.20095785217600937,0.3050281514289594,498
CXSE,fintual,0.6557980242957276,0.07242041787988084,0.1372193274726121,0.32021562531916486,0.3036058199087311,498
TGT,sp500,0.7394912449081114,-0.1410111842096727,0.1496264990719638,0.3639555851529222,0.30120845384445005,498
XOM,sp500,0.44353036124612033,0.045973757907505866,0.10575152994756198,0.22343948841374756,0.29426996281789053,498
AMGN,sp500,0.48196510053407005,0.15411613139151026,0.11144932007001995,0.24766745591946293,0.28848893289094063,498
RTX,sp500,0.46096451517878434,0.2111537698116969,0.1083360707018709,0.24280792223609393,0.28144086104169375,498
VRTX,sp500,0.45906269577898173,0.22108161049047503,0.1080541338917963,0.24839461733781582,0.27397588007812146,498
AON,sp500,0.38437045107565343,0.06516793808559203,0.09698131950618477,0.20973739928662086,0.2716793461728578,498
WM,sp500,0.3110170771719727,0.19596547107996407,0.08610698714383679,0.1779714260598415,0.25906960552383096,498
MCD,sp500,0.2959181301354155,0.06430264419132892,0.08386863109204007,0.1757926543948403,0.2495475777589013,498
CB,sp500,0.29516782478896797,0.21750208554988273,0.08375740144742644,0.19320051743062236,0.22648697855138805,498
ABBV,sp500,0.3363694638031401,0.21586093587465457,0.08986537293762545,0.23180432495824968,0.21511838895416083,498
NEE,sp500,0.3997367205110094,0.006008177225554248,0.09925930499092694,0.2821076745365351,0.2100591736409936,498
BLV,fintual,0.18132886827570613,0.009160000280049969,0.06688124997641726,0.12835717851888115,0.20942537290552132,498
MRK,sp500,0.27292575032214866,-0.12523628804162426,0.08046010648594477,0.22169826501416762,0.18250078088504287,498
GILD,sp500,0.28061866730368695,0.20644066077732462,0.08160054940821641,0.23672829576789642,0.17573120810620904,498
GLD,fintual,0.16735253045735,0.2449213233869081,0.06480931606858059,0.14791087737452696,0.1677315185262583,498
IAU,fintual,0.16530097064694085,0.24635787344465132,0.06450518086589832,0.1474943063807232,0.16614323269295384,498
IAUM,fintual,0.16199428402955648,0.24806432905925527,0.0640149783382984,0.1465834848663026,0.16383140542880553,498
BND,fintual,0.06227668416093936,0.03247952719947523,0.049232259212511086,0.05984391443770816,0.15427231489211807,498
PEP,sp500,0.17670205243443968,-0.13879255463512172,0.06619534378615294,0.1805077706640478,0.14512031083086405,498
PG,sp500,0.15278289995262043,0.05572707902257955,0.06264942898945221,0.1669516798604257,0.13566457677088062,498
LMT,sp500,0.17492330915590643,0.07157732603712633,0.06593165249877656,0.202069601145834,0.12833029981615907,498
MDLZ,sp500,0.16034975919287642,-0.027941089438659913,0.06377118437626911,0.19109982777133813,0.12439144845652444,498
MO,sp500,0.14175366653204563,0.22486586031519207,0.06101439104184898,0.17911456463582245,0.11732374240238726,498
UNH,sp500,0.18272593234982287,-0.04020451280041487,0.0670883589104029,0.3069726337891168,0.08824356287411597,498
SO,sp500,0.1062253349035601,0.15522837057858013,0.05574746375756104,0.18210526087725581,0.08647451304646976,498
T,sp500,0.12912921086174553,0.33059679522139923,0.059142868035520255,0.23670079158362023,0.08087369673522016,498
DUK,sp500,0.09073481467748867,0.1612673487902806,0.05345105861026457,0.17435022021820737,0.0771496508202281,498
NOC,sp500,0.10557610128721094,0.09784963029348358,0.05565121757624346,0.23349557386780728,0.06703003965764397,498
JNJ,sp500,0.052519388142048935,0.02646468427868907,0.047785780690520356,0.1721901129752435,0.04521618899012947,498
CME,sp500,0.040548782925155145,0.27016107852190974,0.04601118829238626,0.1727870283536984,0.03478958084793982,498
